id,Label,module
ATTCAAATCCTATAGCCACTCATAA,chr10_136.18M,black
AATTCAAATCCTATAGCCACTCATA,chr10_136.18M,black
ATGAGTGGCTATAGGATTTGAATTC,chr10_136.18M,black
GGCTATAGGATTTGAATTCTTTGCA,chr10_136.18M,black
CAAAGAATTCAAATCCTATAGCCAC,chr10_136.18M,black
AGAATTCAAATCCTATAGCCACTCA,chr10_136.18M,black
GCAAAGAATTCAAATCCTATAGCCA,chr10_136.18M,black
ATATTAGATGCAGTGATGATGTTTA,chr8_6.15M,turquoise
AAAGAATTCAAATCCTATAGCCACT,chr10_136.18M,black
AAGAATTCAAATCCTATAGCCACTC,chr10_136.18M,black
ACCGGTGCAGGACGGGCACTTGTAC,,magenta
CACCGGTGCAGGACGGGCACTTGTA,,magenta
CCGTCCTGCACCGGTGGCGGTGGCG,,magenta
GTAAACATCATCACTGCATCTAATA,chr8_6.15M,turquoise
CCCGTCCTGCACCGGTGGCGGTGGC,,magenta
CCACCGCCACCGGTGCAGGACGGGC,,magenta
ACAAGTGCCCGTCCTGCACCGGTGG,,magenta
AATCCTATAGCCACTCATAAAAGGG,chr10_136.18M,black
CATGCAAAGAATTCAAATCCTATAG,chr10_136.18M,black
AAATCCTATAGCCACTCATAAAAGG,chr10_136.18M,black
ATGCAAAGAATTCAAATCCTATAGC,chr10_136.18M,black
ACGCCACCGCCACCGGTGCAGGACG,,magenta
ATCCTATAGCCACTCATAAAAGGGA,chr10_136.18M,black
ATTCCCTTTTATGAGTGGCTATAGG,chr10_136.18M,black
GACGCCACCGCCACCGGTGCAGGAC,,magenta
CGACGCCACCGCCACCGGTGCAGGA,,magenta
ATTAGATGCAGTGATGATGTTTACA,chr8_6.15M,turquoise
GGTAAATGTAAACATCATCACTGCA,chr8_6.15M,turquoise
AGTTTTTTTGCTATAAAACAAATAT,,turquoise
AAACATCATCACTGCATCTAATATG,chr8_6.15M,turquoise
AAGTGGTTCCACTCCTTGGCTTCGG,chr4_219.96M,grey
CAAATCCTATAGCCACTCATAAAAG,chr10_136.18M,black
CCGACGCCACCGCCACCGGTGCAGG,,magenta
AAGTGCCCGTCCTGCACCGGTGGCG,,magenta
CTATAGCCACTCATAAAAGGGAATC,chr10_136.18M,black
AAGGGCCCGGACGGTCCGCGCATGA,,red
AAGATCACTAGTGGTATAACTCTCT,chr10_136.19M,brown
TCCTATAGCCACTCATAAAAGGGAA,chr10_136.18M,black
CACCGCCACCGGTGCAGGACGGGCA,,magenta
AGTGGTTCCACTCCTTGGCTTCGGA,chr4_219.96M,grey
TCAAATCCTATAGCCACTCATAAAA,chr10_136.18M,black
TTCAAATCCTATAGCCACTCATAAA,chr10_136.18M,black
AAAATGTCTGACGAAAAGACAAAAG,,grey
ACCGCCACCGGTGCAGGACGGGCAC,,magenta
ATGTAAACATCATCACTGCATCTAA,chr8_6.15M,turquoise
CTGCACCGGTGGCGGTGGCGTCGGC,,magenta
TAGTGGTATAACTCTCTCTTGTGCA,chr10_136.19M,brown
AGTGCCCGTCCTGCACCGGTGGCGG,,magenta
AGATTCCCTTTTATGAGTGGCTATA,chr10_136.18M,black
CAAGTGCCCGTCCTGCACCGGTGGC,,magenta
CTAGTGGTATAACTCTCTCTTGTGC,chr10_136.19M,brown
AAAGATCACTAGTGGTATAACTCTC,chr10_136.19M,brown
AATGTAAACATCATCACTGCATCTA,chr8_6.15M,turquoise
AGTGGTATAACTCTCTCTTGTGCAA,chr10_136.19M,brown
ATGCAGTGATGATGTTTACATTTAC,chr8_6.15M,turquoise
CTCCGAAGCCAAGGAGTGGAACCAC,chr4_219.96M,grey
TATAGGATTTGAATTCTTTGCATGA,chr10_136.18M,black
GCGTAAACATACACTCGGTATCGGA,chr8_6.15M,turquoise
CAAGAGAGAGTTATACCACTAGTGA,chr10_136.19M,brown
ACAAGAGAGAGTTATACCACTAGTG,chr10_136.19M,brown
ACGGTAAATGTAAACATCATCACTG,chr8_6.15M,turquoise
GATGATGTTTACATTTACCGTGCAA,chr8_6.15M,turquoise
ACTAGTGGTATAACTCTCTCTTGTG,chr10_136.19M,brown
AGGGCCCGGACGGTCCGCGCATGAT,,red
AAGATTCCCTTTTATGAGTGGCTAT,chr10_136.18M,black
AATATTTGTTTTATAGCAAAAAAAC,,turquoise
TAGTTTTTTTGCTATAAAACAAATA,,turquoise
AGTTATACCACTAGTGATCTTTTTC,chr10_136.19M,brown
ATGAAGAGAGGTAGAGGGCGACCAA,,grey
AGAGAGAGTTATACCACTAGTGATC,chr10_136.19M,brown
ATAACTTGAAAAAGATCACTAGTGG,chr10_136.19M,brown
CGTAAACATACACTCGGTATCGGAG,chr8_6.15M,turquoise
AGACTGTATGAAATTACTGAGCTAA,,yellow
ATAGGATTTGAATTCTTTGCATGAC,chr10_136.18M,black
GATCATGCGCGGACCGTCCGGGCCC,,red
CGGTAAATGTAAACATCATCACTGC,chr8_6.15M,turquoise
ATAGTTTTTTTGCTATAAAACAAAT,,turquoise
AGTGATGATGTTTACATTTACCGTG,chr8_6.15M,turquoise
AAATGTAAACATCATCACTGCATCT,chr8_6.15M,turquoise
AAGAGACTGTATGAAATTACTGAGC,,yellow
AGAGACTGTATGAAATTACTGAGCT,,yellow
TAAACATACACTCGGTATCGGAGGA,chr8_6.15M,turquoise
GATGCAGTGATGATGTTTACATTTA,chr8_6.15M,turquoise
AAAAAGATCACTAGTGGTATAACTC,chr10_136.19M,brown
CCTCCGATACCGAGTGTATGTTTAC,chr8_6.15M,turquoise
AAGAGAGAGTTATACCACTAGTGAT,chr10_136.19M,brown
AACATATTGTTGCTAATATAACATT,,darkred
ATGTTATATTAGCAACAATATGTTG,,darkred
GAGACTGTATGAAATTACTGAGCTA,,yellow
ATGATGTTTACATTTACCGTGCAAG,chr8_6.15M,turquoise
GCTTGCACGGTAAATGTAAACATCA,chr8_6.15M,turquoise
AAAAGATCACTAGTGGTATAACTCT,chr10_136.19M,brown
GTGGTATAACTCTCTCTTGTGCAAA,chr10_136.19M,brown
GCACGGTAAATGTAAACATCATCAC,chr8_6.15M,turquoise
CTGAATATTTGTTTTATAGCAAAAA,chr8_6.14M,turquoise
AATTTTAATAAGTCCAAAAATGATA,chr2_35.22M,white
TGATGATGTTTACATTTACCGTGCA,chr8_6.15M,turquoise
GAGATCATGCGCGGACCGTCCGGGC,,red
AGATCATGCGCGGACCGTCCGGGCC,,red
CTAGATAGTTTTTTTGCTATAAAAC,,turquoise
AGCGTAAACATACACTCGGTATCGG,chr8_6.15M,turquoise
AGATCACTAGTGGTATAACTCTCTC,chr10_136.19M,brown
GACTGTATGAAATTACTGAGCTAAA,,yellow
CCCGGACGGTCCGCGCATGATCTCG,,red
TGAATATTTGTTTTATAGCAAAAAA,chr8_6.14M,turquoise
GCAAAAAAACTATCTAGAAAATTAC,,turquoise
TGCTTTAGCTCAGTAATTTCATACA,,yellow
CTTGAAAAAGATCACTAGTGGTATA,chr10_136.19M,brown
ACTTTGCACAAGAGAGAGTTATACC,chr10_136.19M,brown
TGGAGCGACGTAGTCACATCGGGAA,,grey
AGCAAAAAAACTATCTAGAAAATTA,,turquoise
CTGTATGAAATTACTGAGCTAAAGC,,yellow
CGGACGGTCCGCGCATGATCTCGGA,,red
AAAGATTCCCTTTTATGAGTGGCTA,chr10_136.18M,black
TCAACATATTGTTGCTAATATAACA,,darkred
TAGATAGTTTTTTTGCTATAAAACA,,turquoise
ACTGTATGAAATTACTGAGCTAAAG,,yellow
AGCCACTCATAAAAGGGAATCTTTC,chr10_136.18M,black
GATAGTTTTTTTGCTATAAAACAAA,,turquoise
GAATATTTGTTTTATAGCAAAAAAA,,turquoise
AATTTTCTAGATAGTTTTTTTGCTA,,turquoise
CTTTGCACAAGAGAGAGTTATACCA,chr10_136.19M,brown
ATCATTTTTGGACTTATTAAAATTG,chr2_35.22M,white
ATTTTAATAAGTCCAAAAATGATAG,chr2_35.22M,white
CGATACCGAGTGTATGTTTACGCTC,chr8_6.15M,turquoise
AAACATACACTCGGTATCGGAGGAG,chr8_6.15M,turquoise
TATGATCGTCTAGAGGTAACATCAA,,darkgrey
ATATGATCGTCTAGAGGTAACATCA,,darkgrey
AAATGTCTGACGAAAAGACAAAAGC,,grey
AAGAAAGATTCCCTTTTATGAGTGG,chr10_136.18M,black
AGAAAGATTCCCTTTTATGAGTGGC,chr10_136.18M,black
ACTTGAAAAAGATCACTAGTGGTAT,chr10_136.19M,brown
GCAATTTTAATAAGTCCAAAAATGA,chr2_35.22M,white
CAAAAAAACTATCTAGAAAATTACC,,turquoise
TTATACCACTAGTGATCTTTTTCAA,chr10_136.19M,brown
GATCTCGGACAGTGCTTGTTCTTCC,,red
TATAGCAAAAAAACTATCTAGAAAA,,turquoise
ACAGGTGATCGACTGACTCGAGAGT,chr8_118.58M,blue
GGACGGTCCGCGCATGATCTCGGAC,,red
ATAGCAAAAAAACTATCTAGAAAAT,,turquoise
GTTATACCACTAGTGATCTTTTTCA,chr10_136.19M,brown
AACAGGTGATCGACTGACTCGAGAG,chr8_118.58M,blue
ATCTCGGACAGTGCTTGTTCTTCCA,,red
TATGAAGAGAGGTAGAGGGCGACCA,,grey
AATGTCTGACGAAAAGACAAAAGCC,,grey
CCGAGATCATGCGCGGACCGTCCGG,,red
TCTCAACATATTGTTGCTAATATAA,,darkred
AATATGAAGAGAGGTAGAGGGCGAC,,grey
GATGTTACCTCTAGACGATCATATA,,darkgrey
TCTAGATAGTTTTTTTGCTATAAAA,,turquoise
AATAACTTGAAAAAGATCACTAGTG,chr10_136.19M,brown
CTCAACATATTGTTGCTAATATAAC,,darkred
ACTATCATTTTTGGACTTATTAAAA,chr2_35.22M,white
GACGGTCCGCGCATGATCTCGGACA,,red
AACTCTCGAGTCAGTCGATCACCTG,chr8_118.58M,blue
ACCACTAGTGATCTTTTTCAAGTTA,chr10_136.19M,brown
AACATACACTCGGTATCGGAGGAGG,chr8_6.15M,turquoise
CCGTATCTATATTTCATACTAAAAA,,turquoise
TTATAGCAAAAAAACTATCTAGAAA,,turquoise
AGATAGTTTTTTTGCTATAAAACAA,,turquoise
GTATGAAATTACTGAGCTAAAGCAA,,yellow
CGATCGACGATCCAGATTGAACAAC,,turquoise
AACTTGAAAAAGATCACTAGTGGTA,chr10_136.19M,brown
TTCTAGATAGTTTTTTTGCTATAAA,,turquoise
AAAAACTATCTAGAAAATTACCTCT,chr8_6.14M,turquoise
CGTATCTATATTTCATACTAAAAAA,,turquoise
ACTGAGCTAAAGCAATAGTCTCAGC,,yellow
ACGGTCCGCGCATGATCTCGGACAG,,red
GCACCGGTGGCGGTGGCGTCGGCAA,,magenta
ATATATGATCGTCTAGAGGTAACAT,,darkgrey
CTAAAGCAATAGTCTCAGCATAATC,,yellow
AAACTACGACCAGTGGGTACAAAAA,chr8_118.58M,blue
GGTAAAACTAATGATTTTCAATTGA,chr10_136.19M,green
ACTGTCCGAGATCATGCGCGGACCG,,red
AAACTATCTAGAAAATTACCTCTTT,chr8_6.14M,turquoise
GCGATCGACGATCCAGATTGAACAA,,turquoise
ATTATGCTGAGACTATTGCTTTAGC,,yellow
GTAAAACTAATGATTTTCAATTGAA,chr10_136.19M,green
AAACTCTCGAGTCAGTCGATCACCT,chr8_118.58M,blue
ATACAACAAGTGTTCTGATCCGTGC,,darkgreen
ATTGCTTTAGCTCAGTAATTTCATA,,yellow
GAAGAACAAGCACTGTCCGAGATCA,,red
ATATGAAGAGAGGTAGAGGGCGACC,,grey
ACAAAACTACGACCAGTGGGTACAA,chr8_118.58M,blue
AGAGAAGCCCATAATACAAATGGAT,,turquoise
CACCGGTGGCGGTGGCGTCGGCAAC,,magenta
ATGAAATTACTGAGCTAAAGCAATA,,yellow
GCAAACTCTCGAGTCAGTCGATCAC,chr8_118.58M,blue
AAAACTACGACCAGTGGGTACAAAA,chr8_118.58M,blue
AAAACTATCTAGAAAATTACCTCTT,chr8_6.14M,turquoise
GATCGACGATCCAGATTGAACAACA,,turquoise
ATTTGTATTATGGGCTTCTCTAAAG,,turquoise
CTGAGACTATTGCTTTAGCTCAGTA,,yellow
CAACAAGTGTTCTGATCCGTGCTTG,,darkgreen
AACAAGTGTTCTGATCCGTGCTTGT,,darkgreen
CAAACTCTCGAGTCAGTCGATCACC,chr8_118.58M,blue
AGCTTGAGATCTTGAGCAAGGTGGG,chr8_118.58M,blue
CGTAGTTTTGTTGGCCATTCACCTC,chr8_118.58M,blue
CTGAGCTAAAGCAATAGTCTCAGCA,,yellow
CGCGTGGACCGCCGCTGAACAAAAA,,turquoise
CACTGTCCGAGATCATGCGCGGACC,,red
AGGTGAATGGCCAACAAAACTACGA,chr8_118.58M,blue
CAAAACTACGACCAGTGGGTACAAA,chr8_118.58M,blue
CTATTGCTTTAGCTCAGTAATTTCA,,yellow
TGAGACTATTGCTTTAGCTCAGTAA,,yellow
TAGAGAAGCCCATAATACAAATGGA,,turquoise
CGGATGGGGCGGGGTGAGGAGGGCA,chr8_6.14M,turquoise
ATCGGCAAACTCTCGAGTCAGTCGA,chr8_118.58M,blue
GCTGTTGTTCAATCTGGATCGTCGA,,turquoise
AGCACGGATCAGAACACTTGTTGTA,,darkgreen
AAAAAAACTATCTAGAAAATTACCT,,turquoise
ATTACTGAGCTAAAGCAATAGTCTC,,yellow
CACACTGAGTATCCGTTTTTGGCGA,chr10_136.19M,green
CGCCAAAAACGGATACTCAGTGTGA,chr10_136.19M,green
AGATTACTAGGCTTAAGTTATCTAT,chr10_136.19M,lightyellow
ATCGACTGACTCGAGAGTTTGCCGA,chr8_118.58M,blue
ACAAGTGTTCTGATCCGTGCTTGTG,,darkgreen
CCCACTGGTCGTAGTTTTGTTGGCC,chr8_118.58M,blue
CGGCAAACTCTCGAGTCAGTCGATC,chr8_118.58M,blue
AAGCACGGATCAGAACACTTGTTGT,,darkgreen
CCCCACCTTGCTCAAGATCTCAAGC,chr8_118.58M,blue
AATTACTGAGCTAAAGCAATAGTCT,,yellow
AGCTAAAGCAATAGTCTCAGCATAA,,yellow
AACAACATAAATTTGTTCAGTGGGA,chr8_6.15M,greenyellow
AAAGATGCAATAATGCATGAGAAAA,,yellow
ACCCCCACCTTGCTCAAGATCTCAA,chr8_118.58M,blue
CCCACTGAACAAATTTATGTTGTTA,chr8_6.15M,greenyellow
ACTGACTCGAGAGTTTGCCGATGCT,chr8_118.58M,blue
ATGCTGAGACTATTGCTTTAGCTCA,,yellow
GAGCTAAAGCAATAGTCTCAGCATA,,yellow
AAGATGCAATAATGCATGAGAAAAA,chr10_60.59M,yellow
CATCGGCAAACTCTCGAGTCAGTCG,chr8_118.58M,blue
AAAAAACTATCTAGAAAATTACCTC,chr8_6.14M,turquoise
ACGGATCAGAACACTTGTTGTATAT,,darkgreen
CACTGGTCTTCATCCAGTGACAACC,,turquoise
GCCAAAAACGGATACTCAGTGTGAA,chr10_136.19M,green
GACTGACTCGAGAGTTTGCCGATGC,chr8_118.58M,blue
GGTGAATGGCCAACAAAACTACGAC,chr8_118.58M,blue
AGAACAAGCACTGTCCGAGATCATG,,red
CCACTGGTCGTAGTTTTGTTGGCCA,chr8_118.58M,blue
CCCCCACCTTGCTCAAGATCTCAAG,chr8_118.58M,blue
ATGGCCAACAAAACTACGACCAGTG,chr8_118.58M,blue
GAACAAGCACTGTCCGAGATCATGC,,red
AGCACTGTCCGAGATCATGCGCGGA,,red
ATCGACGATCCAGATTGAACAACAG,,turquoise
CACGGATCAGAACACTTGTTGTATA,,darkgreen
AAGCACTGTCCGAGATCATGCGCGG,,red
AAGAACAAGCACTGTCCGAGATCAT,,red
GAGATTACTAGGCTTAAGTTATCTA,chr10_136.19M,lightyellow
TGCACCGGTGGCGGTGGCGTCGGCA,,magenta
AACAAGCACTGTCCGAGATCATGCG,,red
AAATTACTGAGCTAAAGCAATAGTC,,yellow
TCATATCATGGTTGACTGATGCTCA,,skyblue
GCACTGTCCGAGATCATGCGCGGAC,,red
ACACTGAGTATCCGTTTTTGGCGAT,chr10_136.19M,green
CTGATTCCTATCTCGATGGCCCAGA,,lightcyan
CGACGATCCAGATTGAACAACAGCG,,turquoise
CCAAAAACGGATACTCAGTGTGAAA,chr10_136.19M,green
CAGCTTGAGATCTTGAGCAAGGTGG,chr8_118.58M,blue
AAGAAAATCTCAAGTTTTGTATATA,chr8_6.15M,midnightblue
GATATATGATCGTCTAGAGGTAACA,,darkgrey
CCGGTGGCGGTGGCGTCGGCAACGG,,magenta
ACAAGCACTGTCCGAGATCATGCGC,,red
AGTAGGCCCTCAACCAACAACTTTC,chr10_136.19M,green
AGAAGCCCATAATACAAATGGATAA,,turquoise
AAAATTGCTTCTAATTCTAGTCCAA,,white
AATTCTTTTTCATTATGAGATTACT,,grey
AATCTGGGCCATCGAGATAGGAATC,,lightcyan
CATTTGTATTATGGGCTTCTCTAAA,,turquoise
AATAGATAACTTAAGCCTAGTAATC,chr10_136.19M,lightyellow
ATGATATATGATCGTCTAGAGGTAA,,darkgrey
ATAAAATAATTAGTGTAAACCTTGC,,cyan
GTGGAGCGACGTAGTCACATCGGGA,,grey
CTCTCAACATATTGTTGCTAATATA,,darkred
ATATTAGCAACAATATGTTGAGAGC,,darkred
GGCAAGGTTTACACTAATTATTTTA,,cyan
CCATTTGTATTATGGGCTTCTCTAA,,turquoise
AGAGGTGAATGGCCAACAAAACTAC,chr8_118.58M,blue
CAAGCACTGTCCGAGATCATGCGCG,,red
CTGGTCGTAGTTTTGTTGGCCATTC,chr8_118.58M,blue
CTATTGGTAGAGGTGAATGGCCAAC,chr8_118.58M,blue
AATTATTTTATTATTGCCTTGTTCT,,cyan
GACCCCCACCTTGCTCAAGATCTCA,chr8_118.58M,blue
ACCCGTTAACCATCTGCCCACTACA,chr8_6.15M,turquoise
AATGGCCAACAAAACTACGACCAGT,chr8_118.58M,blue
ACTGGTCTTCATCCAGTGACAACCT,,turquoise
GAGAAGCCCATAATACAAATGGATA,,turquoise
GGATGGGGCGGGGTGAGGAGGGCAC,chr8_6.14M,turquoise
ATTCTTTTTCATTATGAGATTACTA,,grey
CTGGGCCATCGAGATAGGAATCAGC,,lightcyan
AGACCCCCACCTTGCTCAAGATCTC,chr8_118.58M,blue
AAAGACCCCCACCTTGCTCAAGATC,chr8_118.58M,blue
CAAAAACATGAAAGAGGTAATTTTC,,turquoise
CACCTATTGGTAGAGGTGAATGGCC,chr8_118.58M,blue
ACAGCTTGAGATCTTGAGCAAGGTG,chr8_118.58M,blue
AATTACCTCTTTCATGTTTTTGTTC,,turquoise
ACAACATAAATTTGTTCAGTGGGAA,chr8_6.15M,greenyellow
CACCCCGCCCCATCCGCGCACAAAA,chr8_6.14M,turquoise
ATATACAAAACTTGAGATTTTCTTA,chr8_6.15M,midnightblue
GAGCATCAGTCAACCATGATATGAA,,skyblue
ACCGGTGGCGGTGGCGTCGGCAACG,,magenta
AGATCTCAAGCTGTTCATCAAGTAT,chr8_118.58M,blue
TAGAGGTGAATGGCCAACAAAACTA,chr8_118.58M,blue
CTAGTAATCTCATAATGAAAAAGAA,,grey
AAAAACATGAAAGAGGTAATTTTCT,,turquoise
AATGATATATGATCGTCTAGAGGTA,,darkgrey
AAATTTAAAATGTTATTGCAAATAC,chr8_118.58M,pink
ACCTCTTTCATGTTTTTGTTCAGCG,,turquoise
AGTTTTGTTGGCCATTCACCTCTAC,chr8_118.58M,blue
TAGGCTTAAGTTATCTATTGCTAAA,chr10_136.19M,lightyellow
TGAATGGCCAACAAAACTACGACCA,chr8_118.58M,blue
GCTGAACAAAAACATGAAAGAGGTA,,turquoise
ATAAGAAAATCTCAAGTTTTGTATA,chr8_6.15M,midnightblue
CGCTGATTCCTATCTCGATGGCCCA,,lightcyan
CCGCTGAACAAAAACATGAAAGAGG,,turquoise
AATTTAAAATGTTATTGCAAATACA,chr8_118.58M,pink
ATTCCTATCTCGATGGCCCAGATTA,,lightcyan
ATATGAAATTTAAAATGTTATTGCA,chr8_118.58M,pink
TTGGTAGAGGTGAATGGCCAACAAA,chr8_118.58M,blue
CTTCTTATCCATTTGTATTATGGGC,,turquoise
ATTATTTTATTATTGCCTTGTTCTA,,cyan
AAGCATCGGCAAACTCTCGAGTCAG,chr8_118.58M,blue
ATCTGGTGCATTGAAGAAAGCCTGC,,royalblue
CTCCTCACCCCGCCCCATCCGCGCA,chr8_6.14M,turquoise
AGCCATCTGGTGCATTGAAGAAAGC,,royalblue
AAGACCCCCACCTTGCTCAAGATCT,chr8_118.58M,blue
AAAATAATTAGTGTAAACCTTGCCA,,cyan
CTGAACAAAAACATGAAAGAGGTAA,,turquoise
CTGACAGGCGACAAAGGGCTCATGA,,turquoise
CATATCATGGTTGACTGATGCTCAA,,skyblue
ACATAAATTTGTTCAGTGGGAAATA,chr8_6.15M,greenyellow
CCTCACCCCGCCCCATCCGCGCACA,chr8_6.14M,turquoise
ATACAAAACTTGAGATTTTCTTATA,chr8_6.15M,midnightblue
CTAGAACAAGGCAATAATAAAATAA,,cyan
AAGGTTGTCACTGGATGAAGACCAG,,turquoise
CAAGCATCGGCAAACTCTCGAGTCA,chr8_118.58M,blue
CCTATTGGTAGAGGTGAATGGCCAA,chr8_118.58M,blue
GGTCGTAGTTTTGTTGGCCATTCAC,chr8_118.58M,blue
GTGCGCGGATGGGGCGGGGTGAGGA,chr8_6.14M,turquoise
AGGTTTACACTAATTATTTTATTAT,,cyan
AAGCAATTTTAATAAGTCCAAAAAT,,white
ACAATGATATATGATCGTCTAGAGG,,darkgrey
TACAAAACTTGAGATTTTCTTATAA,chr8_6.15M,midnightblue
AGCATCAGTCAACCATGATATGAAA,,skyblue
CTTATCCATTTGTATTATGGGCTTC,,turquoise
AAATTACCTCTTTCATGTTTTTGTT,,turquoise
TCTGGTGCATTGAAGAAAGCCTGCA,,royalblue
CTGGATGAAGACCAGTGATTTAGAA,,turquoise
TCACCCCGCCCCATCCGCGCACAAA,chr8_6.14M,turquoise
ACTGAGTATCCGTTTTTGGCGATTC,chr10_136.19M,green
AAAATTACCTCTTTCATGTTTTTGT,,turquoise
CTCGAGAGTTTGCCGATGCTTGAAG,chr8_118.58M,blue
TACTCAGTGTGAAAGTAGGCCCTCA,chr10_136.19M,green
AAGTGTTCTGATCCGTGCTTGTGTC,,darkgreen
AACAATGATATATGATCGTCTAGAG,,darkgrey
CTCACCCCGCCCCATCCGCGCACAA,chr8_6.14M,turquoise
ACTCAGTGTGAAAGTAGGCCCTCAA,chr10_136.19M,green
ATTACCTCTTTCATGTTTTTGTTCA,,turquoise
AACTGCAACTTTTAGTTTTGCTCAC,chr8_118.58M,tan
ACTATTGCTTTAGCTCAGTAATTTC,,yellow
AATTGCTTCTAATTCTAGTCCAAAT,,white
AGCAATTTTAATAAGTCCAAAAATG,,white
GGTTGAGGGCCTACTTTCACACTGA,chr10_136.19M,green
GCTGTTAGTCTCATCAAACGCAACA,,darkorange
ATACTCAGTGTGAAAGTAGGCCCTC,chr10_136.19M,green
GTTACCTCTAGACGATCATATATCA,,darkgrey
CAAAGATGCAATAATGCATGAGAAA,,yellow
CTCTTTCATGTTTTTGTTCAGCGGC,,turquoise
ACTTCTTATCCATTTGTATTATGGG,,turquoise
GCACCTATTGGTAGAGGTGAATGGC,chr8_118.58M,blue
AAGACCAGTGATTTAGAAATGTTTG,,turquoise
GTAGTGGGCAGATGGTTAACGGGTA,chr8_6.15M,turquoise
GGTAGAGGTGAATGGCCAACAAAAC,chr8_118.58M,blue
TAATATGAAGAGAGGTAGAGGGCGA,,grey
AAAGGTTGTCACTGGATGAAGACCA,,turquoise
GCGCTTCCGGTGGATACCCGTTAAC,chr8_6.15M,turquoise
AGCAAAACTAAAAGTTGCAGTTGCT,chr8_118.58M,tan
TACATACTTGATGAACAGCTTGAGA,chr8_118.58M,blue
GCGTGGACCGCCGCTGAACAAAAAC,,turquoise
TATTAGCAACAATATGTTGAGAGCA,,darkred
TGGTAGAGGTGAATGGCCAACAAAA,chr8_118.58M,blue
GCAAAGATGCAATAATGCATGAGAA,,yellow
ACCCCGCCCCATCCGCGCACAAAAA,chr8_6.14M,turquoise
AAGCCCATAATACAAATGGATAAGA,,turquoise
AATATGAAATTTAAAATGTTATTGC,chr8_118.58M,pink
CATAAATTTGTTCAGTGGGAAATAA,chr8_6.15M,greenyellow
TATGAAATTTAAAATGTTATTGCAA,chr8_118.58M,pink
CTCAGTGTGAAAGTAGGCCCTCAAC,chr10_136.19M,green
CATACTTGATGAACAGCTTGAGATC,chr8_118.58M,blue
AGCCCATAATACAAATGGATAAGAA,,turquoise
CATTTCTAAATCACTGGTCTTCATC,,turquoise
AATAAAATAATTAGTGTAAACCTTG,,cyan
CAGTGTGAAAGTAGGCCCTCAACCA,chr10_136.19M,green
CCGCTGATTCCTATCTCGATGGCCC,,lightcyan
CCCCGCCCCATCCGCGCACAAAAAA,chr8_6.14M,turquoise
AAATTGCTTCTAATTCTAGTCCAAA,,white
CGATAAACATACACTAATCTACTTC,chr8_6.15M,turquoise
TATTGGTAGAGGTGAATGGCCAACA,chr8_118.58M,blue
TGGTGCATTGAAGAAAGCCTGCACA,,royalblue
ACTGCAACTTTTAGTTTTGCTCACT,chr8_118.58M,tan
AAAGTTGTTGGTTGAGGGCCTACTT,chr10_136.19M,green
GCCATCTGGTGCATTGAAGAAAGCC,,royalblue
ATTGCTTCTAATTCTAGTCCAAATA,,white
CAACTGCAACTTTTAGTTTTGCTCA,chr8_118.58M,tan
ATGAAATTTAAAATGTTATTGCAAA,chr8_118.58M,pink
AAATAATTAGTGTAAACCTTGCCAT,,cyan
GAGCAAAACTAAAAGTTGCAGTTGC,chr8_118.58M,tan
ATTTCTAAATCACTGGTCTTCATCC,,turquoise
ATTTCATATCATGGTTGACTGATGC,,skyblue
ACATACTTGATGAACAGCTTGAGAT,chr8_118.58M,blue
CATCATCACTGCATCTAATATGCGG,chr8_6.15M,turquoise
ACACAAGCACGGATCAGAACACTTG,,darkgreen
AACATCATCACTGCATCTAATATGC,chr8_6.15M,turquoise
CAGATTAGATCTAACCTTCGCGTGA,,lightcyan
AGAGCTGATTACACAAACTGACTGC,,turquoise
ACAAAACTTGAGATTTTCTTATAAA,chr8_6.15M,midnightblue
ATTTTTTGTGCGCGGATGGGGCGGG,chr8_6.14M,turquoise
ACGACCAGTGGGTACAAAAAGACCC,chr8_118.58M,blue
ATACCCGTTAACCATCTGCCCACTA,chr8_6.15M,turquoise
CCATAATACAAATGGATAAGAAGTC,,turquoise
CAGCGATGGACGATCCAGATCGAAC,chr8_6.14M,turquoise
ATGGTTAACGGGTATCCACCGGAAG,chr8_6.15M,turquoise
TGCGCTTCCGGTGGATACCCGTTAA,chr8_6.15M,turquoise
GCAAAAATGTCTAGAGACCCTATGA,,purple
ACGACAAACATCACTACGATATACA,chr8_6.15M,turquoise
ATAAATTTGTTCAGTGGGAAATAAG,chr8_6.15M,greenyellow
AAACAATGATATATGATCGTCTAGA,,darkgrey
TGGATGAAGACCAGTGATTTAGAAA,,turquoise
AATCGCCAAAAACGGATACTCAGTG,chr10_136.19M,green
ATTGGTAGAGGTGAATGGCCAACAA,chr8_118.58M,blue
ATTACTAGGCTTAAGTTATCTATTG,chr10_136.19M,lightyellow
GCTTCCGGTGGATACCCGTTAACCA,chr8_6.15M,turquoise
GAAGTGAAATAATGAAACAACTCTC,,grey60
CAATAACATTTTAAATTTCATATTC,chr8_118.58M,pink
GGATACCCGTTAACCATCTGCCCAC,chr8_6.15M,turquoise
AAGCAGTCAGTTTGTGTAATCAGCT,,turquoise
AAGATCTCAAGCTGTTCATCAAGTA,chr8_118.58M,blue
GCAATAGATAACTTAAGCCTAGTAA,chr10_136.19M,lightyellow
ATGAACAGCTTGAGATCTTGAGCAA,chr8_118.58M,blue
GGTCTTTTTGTACCCACTGGTCGTA,chr8_118.58M,blue
CCTTGCTCAAGATCTCAAGCTGTTC,chr8_118.58M,blue
AGACCAGTGATTTAGAAATGTTTGG,,turquoise
ACATTTCTAAATCACTGGTCTTCAT,,turquoise
GATGAACAGCTTGAGATCTTGAGCA,chr8_118.58M,blue
CAAAAATGTCTAGAGACCCTATGAA,,purple
ACGGAGGCAACGGTGACGACAGCAG,,grey
TATTTTATTATTGCCTTGTTCTAGA,,cyan
CTAGGCTTAAGTTATCTATTGCTAA,chr10_136.19M,lightyellow
AAAAATACTTCACCCAGTTTAAGCA,chr10_136.19M,orange
GACCGCATATTAGATGCAGTGATGA,chr8_6.15M,turquoise
CAGGCTTTCTTCAATGCACCAGATG,,royalblue
CAAAAACGGATACTCAGTGTGAAAG,chr10_136.19M,green
CTGGTGCATTGAAGAAAGCCTGCAC,,royalblue
ACCGCATATTAGATGCAGTGATGAT,chr8_6.15M,turquoise
ACAAATGAAGCTACATGTCCTGACC,chr8_6.15M,turquoise
GACGGAGGCAACGGTGACGACAGCA,,grey
ATTAGTGAGCAAAACTAAAAGTTGC,chr8_118.58M,tan
AGTGGGCAGATGGTTAACGGGTATC,chr8_6.15M,turquoise
CGCTTCCGGTGGATACCCGTTAACC,chr8_6.15M,turquoise
CTTTCTTCAATGCACCAGATGGCTA,,royalblue
ACTCGAGAGTTTGCCGATGCTTGAA,chr8_118.58M,blue
AAAAGACCCCCACCTTGCTCAAGAT,chr8_118.58M,blue
CTTCCTGGGCATCGATGTGGTTCAC,,grey
AGGCTTTCTTCAATGCACCAGATGG,,royalblue
CTTGCTCAAGATCTCAAGCTGTTCA,chr8_118.58M,blue
AAACATTTCTAAATCACTGGTCTTC,,turquoise
ACTTATTTCCCACTGAACAAATTTA,chr8_6.15M,greenyellow
CGACAAACATCACTACGATATACAA,chr8_6.15M,turquoise
AGTGTTCTGATCCGTGCTTGTGTCA,,darkgreen
GACTCGAGAGTTTGCCGATGCTTGA,chr8_118.58M,blue
GCTCAAGATCTCAAGCTGTTCATCA,chr8_118.58M,blue
GGTGCTCTCAACATATTGTTGCTAA,,darkred
AAAACTATAATTACCGATAAATCTG,,purple
TAAAAATGAATGTTTGAGAAGTTTA,chr10_136.19M,orange
ACATCATCACTGCATCTAATATGCG,chr8_6.15M,turquoise
AATTGTTTTAGTTCCTTGACATACT,,turquoise
GATCCAGATCGAACGAAGGCAGAAC,chr8_6.14M,turquoise
ATCCAGATCGAACGAAGGCAGAACG,chr8_6.14M,turquoise
AAGGTTTACACTAATTATTTTATTA,,cyan
AGTTGTTTCATTATTTCACTTCAGG,,grey60
AGGCAATAATAAAATAATTAGTGTA,,cyan
GATTTTGTCTAAGCATTGCTTTCTA,,salmon
ATTGTTTTAGTTCCTTGACATACTG,,turquoise
ACTAGGCTTAAGTTATCTATTGCTA,chr10_136.19M,lightyellow
AAAATACTTCACCCAGTTTAAGCAA,chr10_136.19M,orange
ATGTTGCGTTTGATGAGACTAACAG,,darkorange
GATGTTGCGTTTGATGAGACTAACA,,darkorange
CGACCAGTGGGTACAAAAAGACCCC,chr8_118.58M,blue
AATACTTCACCCAGTTTAAGCAAAA,chr10_136.19M,orange
GGTGACTTCTTATCCATTTGTATTA,,turquoise
ATAGCCATCTGGTGCATTGAAGAAA,,royalblue
AACAGCTTGAGATCTTGAGCAAGGT,chr8_118.58M,blue
GACCAGTGGGTACAAAAAGACCCCC,chr8_118.58M,blue
CAAATGAAGCTACATGTCCTGACCA,chr8_6.15M,turquoise
CTACGACCAGTGGGTACAAAAAGAC,chr8_118.58M,blue
CATAATACAAATGGATAAGAAGTCA,,turquoise
ACTGACTGCTTCCTCTGTAGCAGCA,,turquoise
AGCGATGGACGATCCAGATCGAACG,chr8_6.14M,turquoise
CGTGGACCGCCGCTGAACAAAAACA,,turquoise
CGGTGGCGGTGGCGTCGGCAACGGC,,magenta
TGGATACCCGTTAACCATCTGCCCA,chr8_6.15M,turquoise
AAACTTATTTCCCACTGAACAAATT,chr8_6.15M,greenyellow
ATACTTCACCCAGTTTAAGCAAAAG,chr10_136.19M,orange
CGCCGCTGAACAAAAACATGAAAGA,,turquoise
CAAGGCAATAATAAAATAATTAGTG,,cyan
AACTACGACCAGTGGGTACAAAAAG,chr8_118.58M,blue
GAAATTTAAAATGTTATTGCAAATA,chr8_118.58M,pink
AAAAACGGATACTCAGTGTGAAAGT,chr10_136.19M,green
AACAAATTTATGTTGTTACATATCC,chr8_6.15M,greenyellow
ATTTGCAATAACATTTTAAATTTCA,chr8_118.58M,pink
AATACAAATGGATAAGAAGTCACCA,,turquoise
ATTGTTCCTTCAGAGCAACTGCAAC,chr8_118.58M,tan
AGCAGTCAGTTTGTGTAATCAGCTC,,turquoise
AAATACTTCACCCAGTTTAAGCAAA,chr10_136.19M,orange
CACATTAGGTCCTTCTTCAAGCATC,chr8_118.58M,blue
GAACAAATTTATGTTGTTACATATC,chr8_6.15M,greenyellow
CAGTCAACCATGATATGAAATTCTA,,skyblue
AACATAAATTTGTTCAGTGGGAAAT,chr8_6.15M,greenyellow
CTAACCTGCGACAACATACTTGACC,,darkorange
ACTACGACCAGTGGGTACAAAAAGA,chr8_118.58M,blue
ACAAACTGACTGCTTCCTCTGTAGC,,turquoise
AGTTGCAGTTGCTCTGAAGGAACAA,chr8_118.58M,tan
CATTTTAAATTTCATATTCATTTCG,chr8_118.58M,pink
CTTTCCCTGCCACAACCATGAGTGA,,turquoise
CATATACAACAAGTGTTCTGATCCG,,darkgreen
AGAATTTCATATCATGGTTGACTGA,,skyblue
CGATCCAGATCGAACGAAGGCAGAA,chr8_6.14M,turquoise
ACGATCCAGATCGAACGAAGGCAGA,chr8_6.14M,turquoise
GAAGCAACCTCAAACAAATAGAACA,chr8_118.58M,blue
ATCAGTCAACCATGATATGAAATTC,,skyblue
GCGATGGACGATCCAGATCGAACGA,chr8_6.14M,turquoise
CTAAAAAGAATGCTGATATAAACTC,chr8_118.58M,lightgreen
AGCAATAGATAACTTAAGCCTAGTA,chr10_136.19M,lightyellow
ATGCTTGAAGAAGGACCTAATGTGA,chr8_118.58M,blue
GCCGCCGTTGCCGACGCCACCGCCA,,magenta
ATGGATATGTAACAACATAAATTTG,chr8_6.15M,greenyellow
AGGGCCTACTTTCACACTGAGTATC,chr10_136.19M,green
ACTTGATGAACAGCTTGAGATCTTG,chr8_118.58M,blue
CCCTGAAGTGAAATAATGAAACAAC,,grey60
TGTGAAAGTAGGCCCTCAACCAACA,chr10_136.19M,green
ATGTTATTGCAAATACATAAGCCTC,chr8_118.58M,pink
AACAGTATGTCAAGGAACTAAAACA,,turquoise
ATAAAAATACTTCACCCAGTTTAAG,chr10_136.19M,orange
CAGATGGTTAACGGGTATCCACCGG,chr8_6.15M,turquoise
AACATTTCTAAATCACTGGTCTTCA,,turquoise
GAGCAACTGCAACTTTTAGTTTTGC,chr8_118.58M,tan
ATGAGATTACTAGGCTTAAGTTATC,chr10_136.19M,lightyellow
ACCTCTAGACGATCATATATCATTG,,darkgrey
AGCACCTATTGGTAGAGGTGAATGG,chr8_118.58M,blue
CACTCATGGTTGTGGCAGGGAAAGC,,turquoise
AGAGTTTATATCAGCATTCTTTTTA,chr8_118.58M,lightgreen
ACAAATGGATAAGAAGTCACCAAAC,,turquoise
AGTGTACCTCTTGTTGAACATCATG,,salmon
CTGCAACTTTTAGTTTTGCTCACTA,chr8_118.58M,tan
CTTCGTTCGATCTGGATCGTCCATC,chr8_6.14M,turquoise
AGAGGCTTATGTATTTGCAATAACA,chr8_118.58M,pink
AGAGTTGTTTCATTATTTCACTTCA,,grey60
CTGAAGTGAAATAATGAAACAACTC,,grey60
AAGCAACCTCAAACAAATAGAACAT,chr8_118.58M,blue
AGATTAGATCTAACCTTCGCGTGAA,,lightcyan
GCTTAAACTGGGTGAAGTATTTTTA,chr10_136.19M,orange
ACAGTATGTCAAGGAACTAAAACAA,,turquoise
AAATTTGTTCAGTGGGAAATAAGTT,chr8_6.15M,greenyellow
ATCTAGAACAAGGCAATAATAAAAT,,cyan
CGGATACTCAGTGTGAAAGTAGGCC,chr10_136.19M,green
CGATGGACGATCCAGATCGAACGAA,chr8_6.14M,turquoise
AAATAATGAAACAACTCTCTCTGAA,,grey60
CAAATGGATAAGAAGTCACCAAACA,,turquoise
AAAAAGACCCCCACCTTGCTCAAGA,chr8_118.58M,blue
AATCTCGTCACTCAAATTCACCTTA,chr8_6.14M,turquoise
CTGCTAGCCGTGCCCTCCTCACCCC,chr8_6.14M,turquoise
AAACTGACTGCTTCCTCTGTAGCAG,,turquoise
CAACATAAATTTGTTCAGTGGGAAA,chr8_6.15M,greenyellow
GCAGCTTACTATTACAACAAACGAA,chr8_118.58M,pink
AAACTATAATTACCGATAAATCTGG,,purple
AGCTTCCTGGGCATCGATGTGGTTC,,grey
ACCACATCGATGCCCAGGAAGCTCA,,grey
TACAAATGGATAAGAAGTCACCAAA,,turquoise
ATGGACGATCCAGATCGAACGAAGG,chr8_6.14M,turquoise
CCGCCGCTGAACAAAAACATGAAAG,,turquoise
AGTACTGGCACAGATAGCCAACGAC,,grey
ACCGCCGCTGAACAAAAACATGAAA,,turquoise
CTCACATTAGGTCCTTCTTCAAGCA,chr8_118.58M,blue
AACAAATGAAGCTACATGTCCTGAC,chr8_6.15M,turquoise
GACTAAAAAGAATGCTGATATAAAC,chr8_118.58M,lightgreen
AAATGGATAAGAAGTCACCAAACAT,,turquoise
GTATGTCAAGGAACTAAAACAATTA,,turquoise
GGATACTCAGTGTGAAAGTAGGCCC,chr10_136.19M,green
AGATGGTTAACGGGTATCCACCGGA,chr8_6.15M,turquoise
TAAAAGTTGCAGTTGCTCTGAAGGA,chr8_118.58M,tan
CTGCCTTCGTTCGATCTGGATCGTC,chr8_6.14M,turquoise
TCATGGTTGTGGCAGGGAAAGCCGA,,turquoise
ACATTAGGTCCTTCTTCAAGCATCG,chr8_118.58M,blue
CAGGGGTGTTACAACCATGGCAAGG,,purple
ATAATACAAATGGATAAGAAGTCAC,,turquoise
GGCAGATGGTTAACGGGTATCCACC,chr8_6.15M,turquoise
AACTGACTGCTTCCTCTGTAGCAGC,,turquoise
ATTAGCAACAATATGTTGAGAGCAC,,darkred
GGGCAGATGGTTAACGGGTATCCAC,chr8_6.15M,turquoise
ACCAGGGGTGTTACAACCATGGCAA,,purple
CCAGGGGTGTTACAACCATGGCAAG,,purple
GGACGATCCAGATCGAACGAAGGCA,chr8_6.14M,turquoise
CGCCGTTGCCGACGCCACCGCCACC,,magenta
TATAGAAAGCAATGCTTAGACAAAA,,salmon
GCTTCCTGGGCATCGATGTGGTTCA,,grey
AAAAGTTGCAGTTGCTCTGAAGGAA,chr8_118.58M,tan
ATAGAAAGCAATGCTTAGACAAAAT,,salmon
GGTAAGAATTTCAAAAAAGTTGTAC,,purple
AAGGCAATAATAAAATAATTAGTGT,,cyan
AGATAACTTAAGCCTAGTAATCTCA,chr10_136.19M,lightyellow
ACAAATTTATGTTGTTACATATCCA,chr8_6.15M,greenyellow
ATACAAATGGATAAGAAGTCACCAA,,turquoise
CAATTTCCATTATCACTTATGTTTC,chr10_136.19M,brown
AAAATGTTATTGCAAATACATAAGC,chr8_118.58M,pink
AGTCAACCATGATATGAAATTCTAG,,skyblue
ATGTTTTTGTTCAGCGGCGGTCCAC,,turquoise
TTAAAATGTTATTGCAAATACATAA,chr8_118.58M,pink
AAAAAGAATGCTGATATAAACTCTG,chr8_118.58M,lightgreen
AAGTTGCAGTTGCTCTGAAGGAACA,chr8_118.58M,tan
GATTAGATCTAACCTTCGCGTGAAC,,lightcyan
TATGTATTTGCAATAACATTTTAAA,chr8_118.58M,pink
GGAACAACTTCACGGACCACAGCCA,,red
CCGCCGTTGCCGACGCCACCGCCAC,,magenta
CAAAACTTGAGATTTTCTTATAAAC,chr8_6.15M,midnightblue
TATAAACTCTGATCAGATCCCATGA,chr8_118.58M,lightgreen
CACTAACCTGCGACAACATACTTGA,,darkorange
ACTAAAAAGAATGCTGATATAAACT,chr8_118.58M,lightgreen
CACAAACTGACTGCTTCCTCTGTAG,,turquoise
GATGGTTAACGGGTATCCACCGGAA,chr8_6.15M,turquoise
AAAAGAATGCTGATATAAACTCTGA,chr8_118.58M,lightgreen
GTAAGGAGTGTACCTCTTGTTGAAC,,salmon
AACCTGCGACAACATACTTGACCTC,,darkorange
ACCTGCGACAACATACTTGACCTCG,,darkorange
CCTTCAGAGCAACTGCAACTTTTAG,chr8_118.58M,tan
AGGTCAAGTATGTTGTCGCAGGTTA,,darkorange
GCCTTCGTTCGATCTGGATCGTCCA,chr8_6.14M,turquoise
CAGTGGGTACAAAAAGACCCCCACC,chr8_118.58M,blue
CAAACTGACTGCTTCCTCTGTAGCA,,turquoise
AGGTGAATTTGAGTGACGAGATTGA,chr8_6.14M,turquoise
CCAGTGGGTACAAAAAGACCCCCAC,chr8_118.58M,blue
CGTGCCCTCCTCACCCCGCCCCATC,chr8_6.14M,turquoise
AAACATAAGTGATAATGGAAATTGT,chr10_136.19M,brown
ACTAACCTGCGACAACATACTTGAC,,darkorange
GGAGTGGGGGCAACGCGACCAGCGA,,darkturquoise
CTTGATGAACAGCTTGAGATCTTGA,chr8_118.58M,blue
TAACAAATGAAGCTACATGTCCTGA,chr8_6.15M,turquoise
GATTGTTCCTTCAGAGCAACTGCAA,chr8_118.58M,tan
AAGGTGAATTTGAGTGACGAGATTG,chr8_6.14M,turquoise
AACTTGAGATTTTCTTATAAACATA,chr8_6.15M,midnightblue
ACATTTTAAATTTCATATTCATTTC,chr8_118.58M,pink
GGACCGCCGCTGAACAAAAACATGA,,turquoise
AGATGCAATAATGCATGAGAAAAAA,chr10_60.59M,yellow
TATGTAGCTGCTTACATTTTGAAGA,,turquoise
TGCAACTTTTAGTTTTGCTCACTAA,chr8_118.58M,tan
AAAAATGAATGTTTGAGAAGTTTAA,chr10_136.19M,orange
TATCTAGAACAAGGCAATAATAAAA,,cyan
AAAGTTGCAGTTGCTCTGAAGGAAC,chr8_118.58M,tan
AACTATAATTACCGATAAATCTGGA,,purple
ACTAAAAGTTGCAGTTGCTCTGAAG,chr8_118.58M,tan
CGCCCGCACCTTCCGGATGATCCAG,,turquoise
AACTAAAAGTTGCAGTTGCTCTGAA,chr8_118.58M,tan
AATGTTATTGCAAATACATAAGCCT,chr8_118.58M,pink
AAAGAATGCTGATATAAACTCTGAT,chr8_118.58M,lightgreen
ACAACAGCGATGGACGATCCAGATC,chr8_6.14M,turquoise
CTCAAGATCTCAAGCTGTTCATCAA,chr8_118.58M,blue
CAACAGCGATGGACGATCCAGATCG,chr8_6.14M,turquoise
GCTCATAGCCATCTGGTGCATTGAA,,royalblue
ACCAAACATTTCTAAATCACTGGTC,,turquoise
ACCTTGCCATGGTTGTAACACCCCT,,purple
GGATCAGAACACTTGTTGTATATGA,,darkgreen
AGTACAACTTTTTTGAAATTCTTAC,,purple
TCGTTTGTTGTAATAGTAAGCTGCA,chr8_118.58M,pink
ACTATAATTACCGATAAATCTGGAA,,purple
AGAGCAACTGCAACTTTTAGTTTTG,chr8_118.58M,tan
GGTCGTTGGCTATCTGTGCCAGTAC,,grey
GTATAGAAAGCAATGCTTAGACAAA,,salmon
CTTATGTATTTGCAATAACATTTTA,chr8_118.58M,pink
AGGTGGGGGTCTTTTTGTACCCACT,chr8_118.58M,blue
ACAGAGGAAGCAGTCAGTTTGTGTA,,turquoise
CTCATAGCCATCTGGTGCATTGAAG,,royalblue
CATGCATCAAGTAATTTTAAAGAAA,chr10_136.19M,lightyellow
ATCTCGTCACTCAAATTCACCTTAG,chr8_6.14M,turquoise
CTGAACAAATTTATGTTGTTACATA,chr8_6.15M,greenyellow
AAATGAATATGAAATTTAAAATGTT,chr8_118.58M,pink
AGGAGTGGGGGCAACGCGACCAGCG,,darkturquoise
CATGTTTTTGTTCAGCGGCGGTCCA,,turquoise
AAATGAAGCTACATGTCCTGACCAA,chr8_6.15M,turquoise
TTGGAGTCATCTAGTATTTTCTAAA,,purple
GATCAGAACACTTGTTGTATATGAA,,darkgreen
AAACGGATACTCAGTGTGAAAGTAG,chr10_136.19M,green
AATGGATAAGAAGTCACCAAACATT,,turquoise
TCCCTGAAGTGAAATAATGAAACAA,,grey60
AACGGATACTCAGTGTGAAAGTAGG,chr10_136.19M,green
ACACAAACTGACTGCTTCCTCTGTA,,turquoise
CGGTGGATACCCGTTAACCATCTGC,chr8_6.15M,turquoise
ATATAAACTCTGATCAGATCCCATG,chr8_118.58M,lightgreen
CAACCAAACCCCACAGCCAAACTGG,,grey
GAACAAGGCAATAATAAAATAATTA,,cyan
CCTGGATCATCCGGAAGGTGCGGGC,,turquoise
AATAATGAAACAACTCTCTCTGAAA,,grey60
AAATGAATGTTTGAGAAGTTTAAAC,chr10_136.19M,orange
GGTAAGGAGTGTACCTCTTGTTGAA,,salmon
CTATAATTACCGATAAATCTGGAAC,,purple
CACGCGAAGGTTAGATCTAATCTGG,,lightcyan
CTAATCTGGGCCATCGAGATAGGAA,,lightcyan
CTCCAACTTCTTCCTCGGGCATTTC,,purple
AAATTTCAGAGAGAGTTGTTTCATT,,grey60
CGGCTTTCCCTGCCACAACCATGAG,,turquoise
AGCAAGGTGGGGGTCTTTTTGTACC,chr8_118.58M,blue
GAAATAATGAAACAACTCTCTCTGA,,grey60
ATGTATTTGCAATAACATTTTAAAT,chr8_118.58M,pink
AACAATTTCCATTATCACTTATGTT,chr10_136.19M,brown
ATGAAACAACTCTCTCTGAAATTTG,,grey60
ACTCATGGTTGTGGCAGGGAAAGCC,,turquoise
TAGAAAATACTAGATGACTCCAAAA,,purple
CCACATCGATGCCCAGGAAGCTCAG,,grey
ATAAACTCTGATCAGATCCCATGAA,chr8_118.58M,lightgreen
AGGAGTGTACCTCTTGTTGAACATC,,salmon
CAGAGAGAGTTGTTTCATTATTTCA,,grey60
AACCACATCGATGCCCAGGAAGCTC,,grey
ATGGGATCTGATCAGAGTTTATATC,chr8_118.58M,lightgreen
AAAACTAAAAGTTGCAGTTGCTCTG,chr8_118.58M,tan
TTATAAACATAGATAACATCAAGAA,chr8_6.15M,midnightblue
ATCAATCTCGTCACTCAAATTCACC,chr8_6.14M,turquoise
GTGTGAAAGTAGGCCCTCAACCAAC,chr10_136.19M,green
ATGTCAAGGAACTAAAACAATTACA,,turquoise
GACCGCCGCTGAACAAAAACATGAA,,turquoise
ACTAGAATTTCATATCATGGTTGAC,,skyblue
AAACTAAAAGTTGCAGTTGCTCTGA,chr8_118.58M,tan
CTTCACGAATAAGGTTGGGCATCCC,,grey
ATATGTAGCTGCTTACATTTTGAAG,,turquoise
AAATGTTATTGCAAATACATAAGCC,chr8_118.58M,pink
CAGAGGAAGCAGTCAGTTTGTGTAA,,turquoise
AGTTGTTGGTTGAGGGCCTACTTTC,chr10_136.19M,green
CATGGTTGTGGCAGGGAAAGCCGAG,,turquoise
CGGGGTGAGGAGGGCACGGCTAGCA,chr8_6.14M,turquoise
GGAGTGTACCTCTTGTTGAACATCA,,salmon
AAGGTGGGGGTCTTTTTGTACCCAC,chr8_118.58M,blue
CCCGCGCCGTCGAGAGCTCGCCGAA,,grey
ACAGCGATGGACGATCCAGATCGAA,chr8_6.14M,turquoise
AAACCGGTACTGCCTTCTTCAATAT,chr8_6.15M,turquoise
ATATGTAACAACATAAATTTGTTCA,chr8_6.15M,greenyellow
ATATCTAGAACAAGGCAATAATAAA,,cyan
CTTATAAACATAGATAACATCAAGA,chr8_6.15M,midnightblue
GTTGTTGGTTGAGGGCCTACTTTCA,chr10_136.19M,green
GAGCAAGGTGGGGGTCTTTTTGTAC,chr8_118.58M,blue
GGGTTTTGATTTAATTATGAGCACA,,lightcyan
AGGTAAGGAGTGTACCTCTTGTTGA,,salmon
CTTCATGGGATCTGATCAGAGTTTA,chr8_118.58M,lightgreen
GACATGCATCAAGTAATTTTAAAGA,chr10_136.19M,lightyellow
AAAATGAATGTTTGAGAAGTTTAAA,chr10_136.19M,orange
TAGAAACTTATTTCCCACTGAACAA,chr8_6.15M,greenyellow
GGTATAGAAAGCAATGCTTAGACAA,,salmon
CAAGGAACTAAAACAATTACAATAC,,turquoise
AATTTCAGAGAGAGTTGTTTCATTA,,grey60
ATAATGAAACAACTCTCTCTGAAAT,,grey60
AAGAAACATAAGTGATAATGGAAAT,chr10_136.19M,brown
CAAGGTGGGGGTCTTTTTGTACCCA,chr8_118.58M,blue
CGGGTTTTGATTTAATTATGAGCAC,,lightcyan
AACACTAACCTGCGACAACATACTT,,darkorange
ACACTAACCTGCGACAACATACTTG,,darkorange
CCAGTGATTTAGAAATGTTTGGTGA,,turquoise
AATCAATCTCGTCACTCAAATTCAC,chr8_6.14M,turquoise
AAAACGGATACTCAGTGTGAAAGTA,chr10_136.19M,green
TATTGTAATTGTTTTAGTTCCTTGA,,turquoise
AAGAGCTGATTACACAAACTGACTG,,turquoise
TCCAACTTCTTCCTCGGGCATTTCA,,purple
CCAACTTCTTCCTCGGGCATTTCAG,,purple
AAAGGTCAGGAACTTTTCTTTAGAC,chr8_6.15M,turquoise
TCCCGCGCCGTCGAGAGCTCGCCGA,,grey
CAACTTCTTCCTCGGGCATTTCAGA,,purple
GAAAGGTCAGGAACTTTTCTTTAGA,chr8_6.15M,turquoise
ATTGTAATTGTTTTAGTTCCTTGAC,,turquoise
GAGTACTGGCACAGATAGCCAACGA,,grey
AGACTCCATCCGCAGCGTTCATCTG,chr8_6.14M,turquoise
ATTGTTCAATGATCAACCAACGATG,chr10_136.19M,brown
AGAAAGCAATGCTTAGACAAAATCT,,salmon
ACAAGGCAATAATAAAATAATTAGT,,cyan
AAGGTCAGGAACTTTTCTTTAGACA,chr8_6.15M,turquoise
AGAGAGAGTTGTTTCATTATTTCAC,,grey60
AATTTCCATTATCACTTATGTTTCT,chr10_136.19M,brown
ATAAGCTCCTTCTCAGCAACTTCTA,,grey
AACTTCTTCCTCGGGCATTTCAGAA,,purple
ACTTCTTCCTCGGGCATTTCAGAAT,,purple
TACAAAAAGACCCCCACCTTGCTCA,chr8_118.58M,blue
TGTTTCATTATTTCACTTCAGGGAA,,grey60
ACGGGTTTTGATTTAATTATGAGCA,,lightcyan
AATGAATATGAAATTTAAAATGTTA,chr8_118.58M,pink
ATTTGTTCAGTGGGAAATAAGTTTC,chr8_6.15M,greenyellow
AACCCCACAGCCAAACTGGTGCATG,,grey
AACAGCGATGGACGATCCAGATCGA,chr8_6.14M,turquoise
CTCGCTGGTCGCGTTGCCCCCACTC,,darkturquoise
ACGCGAAGGTTAGATCTAATCTGGG,,lightcyan
ACTTGAGATTTTCTTATAAACATAG,chr8_6.15M,midnightblue
AAGGAGTGTACCTCTTGTTGAACAT,,salmon
TAAGGAGTGTACCTCTTGTTGAACA,,salmon
CATAACTGTACCCACGAATACCTTA,chr8_6.15M,turquoise
GTGTGGTCGCAGAGTCTTGGAGCTA,,darkturquoise
GAAGCAGTCAGTTTGTGTAATCAGC,,turquoise
AAACTTGAGATTTTCTTATAAACAT,chr8_6.15M,midnightblue
CCGCATCCATCTCGTCGTGAATCAA,,blue
ACCAAACCCCACAGCCAAACTGGTG,,grey
ATAGTGTGCTCATAATTAAATCAAA,,lightcyan
CACAGCCAAACTGGTGCATGTCTAG,,grey
ACATGCACCAGTTTGGCTGTGGGGT,,grey
GCCGTGCCCTCCTCACCCCGCCCCA,chr8_6.14M,turquoise
GGCGGTGGCGTCGGCAACGGCGGCA,,magenta
ACGGATACTCAGTGTGAAAGTAGGC,chr10_136.19M,green
AATAAGGTATTCGTGGGTACAGTTA,chr8_6.15M,turquoise
AAATGTTTGGTGACTTCTTATCCAT,,turquoise
GGTTTGGCATGGTGGGTCCTTCGTA,,grey
CAATGTTCTATTTGTTTGAGGTTGC,chr8_118.58M,blue
ACTGAACAAATTTATGTTGTTACAT,chr8_6.15M,greenyellow
CATTAGGTCCTTCTTCAAGCATCGG,chr8_118.58M,blue
CATAGCCATCTGGTGCATTGAAGAA,,royalblue
ACCTGCTAGCCGTGCCCTCCTCACC,chr8_6.14M,turquoise
ACAGCCAAACTGGTGCATGTCTAGA,,grey
AACCGCATCCATCTCGTCGTGAATC,,blue
AGACATGCATCAAGTAATTTTAAAG,chr10_136.19M,lightyellow
CAGGAACTGCTTGATGTACTTACGG,,turquoise
AAACTCTGATCAGATCCCATGAAGC,chr8_118.58M,lightgreen
AACTGTACCCACGAATACCTTATTA,chr8_6.15M,turquoise
ACATAAGTGATAATGGAAATTGTTC,chr10_136.19M,brown
AAACCCTACTGACTCGGCTTTCCCT,,turquoise
GTAATTGTTTTAGTTCCTTGACATA,,turquoise
GGGGATGCCCAACCTTATTCGTGAA,,grey
GCTAAGGTGAATTTGAGTGACGAGA,chr8_6.14M,turquoise
TTAGAAAATACTAGATGACTCCAAA,,purple
ATAACTGTACCCACGAATACCTTAT,chr8_6.15M,turquoise
GCTGTGGTCCGTGAAGTTGTTCCAA,,red
TGTCAAGGAACTAAAACAATTACAA,,turquoise
ACAGGAACTGCTTGATGTACTTACG,,turquoise
ACTTTTTTGAAATTCTTACCTAGTG,,purple
ATTTCTATTCTCCGATATTTGTATA,,yellow
CACTGAACAAATTTATGTTGTTACA,chr8_6.15M,greenyellow
GGCCAAATAATTCTGGTATCTGCAA,chr8_6.15M,turquoise
GCCAAATAATTCTGGTATCTGCAAA,chr8_6.15M,turquoise
ACCAGTGATTTAGAAATGTTTGGTG,,turquoise
ACTGTACCCACGAATACCTTATTAT,chr8_6.15M,turquoise
GCGGGGTGAGGAGGGCACGGCTAGC,chr8_6.14M,turquoise
TAAACCGGTACTGCCTTCTTCAATA,chr8_6.15M,turquoise
ACTGCCCGAGCTGCCCTCGCTGGTC,,darkturquoise
CAAACCCCACAGCCAAACTGGTGCA,,grey
CTTTTTTGAAATTCTTACCTAGTGA,,purple
CCCGGTTTGGCATGGTGGGTCCTTC,,grey
AAACCGCATCCATCTCGTCGTGAAT,,blue
CTGATTACACAAACTGACTGCTTCC,,turquoise
TCGCCCGCACCTTCCGGATGATCCA,,turquoise
AGCCGTGCCCTCCTCACCCCGCCCC,chr8_6.14M,turquoise
GGGAGGTCGTTGGCTATCTGTGCCA,,grey
ACTTCGTATTCGATTCTTATGCCGG,,grey
ACATGCATCAAGTAATTTTAAAGAA,chr10_136.19M,lightyellow
ATAATAGTGGGTTCAAATATTCACA,chr8_6.15M,turquoise
AGGACATGTAGCTTCATTTGTTAGG,chr8_6.15M,turquoise
CAGGACATGTAGCTTCATTTGTTAG,chr8_6.15M,turquoise
CGAGCTCTCGACGGCGCGGGAGCAG,,grey
ACCTTGACGCTTGTCATTGGCAAGT,,darkred
CTTGCCAATGACAAGCGTCAAGGTC,,darkred
AATTGTTCAATGATCAACCAACGAT,chr10_136.19M,brown
AAAGCAATGCTTAGACAAAATCTAG,,salmon
AATTTCTATTCTCCGATATTTGTAT,,yellow
CAATCACAACCAAAATCTAAAATGC,,blue
TCATGCATTAGATTCACATGCACCA,,turquoise
ACAGATGAACGCTGCGGATGGAGTC,chr8_6.14M,turquoise
AATGTTCTATTTGTTTGAGGTTGCT,chr8_118.58M,blue
ATAACATTTTAAATTTCATATTCAT,chr8_118.58M,pink
AACAAGGCAATAATAAAATAATTAG,,cyan
CGCGAAGGTTAGATCTAATCTGGGC,,lightcyan
GGATGCCCAACCTTATTCGTGAAGA,,grey
CGTTGGTTGATCATTGAACAATTTC,chr10_136.19M,brown
GAAAGCAATGCTTAGACAAAATCTA,,salmon
ATAGCTCCAAGACTCTGCGACCACA,,darkturquoise
CAAACCCTACTGACTCGGCTTTCCC,,turquoise
AGGAACTAAAACAATTACAATACGA,,turquoise
AAAGTAGGCCCTCAACCAACAACTT,chr10_136.19M,green
CAATAAGCTCCTTCTCAGCAACTTC,,grey
CATATTCATTTCGTTTGTTGTAATA,chr8_118.58M,pink
AACTAAAACAATTACAATACGATGC,,turquoise
ATGATGTTCAACAAGAGGTACACTC,,salmon
GGCATAAGAATCGAATACGAAGTCA,,grey
ATGGGGCGGGGTGAGGAGGGCACGG,chr8_6.14M,turquoise
GGTCCTTCTTCAAGCATCGGCAAAC,chr8_118.58M,blue
GGGCGGGGTGAGGAGGGCACGGCTA,chr8_6.14M,turquoise
AGAGGAAGCAGTCAGTTTGTGTAAT,,turquoise
GCTACATCTACACAGATACCCAACC,chr8_6.15M,turquoise
ACATTGCCATCAGAATCTTCTTCTA,chr8_118.58M,blue
TAGTGTGCTCATAATTAAATCAAAA,,lightcyan
GGCAGCTACATCTACACAGATACCC,chr8_6.15M,turquoise
CTAGCCGTGCCCTCCTCACCCCGCC,chr8_6.14M,turquoise
ACAAAAAGACCCCCACCTTGCTCAA,chr8_118.58M,blue
GGTTACACCATCAGGTGCAACAAGA,,darkturquoise
AAGGTATTCGTGGGTACAGTTATGG,chr8_6.15M,turquoise
ACTATAGCTCCAAGACTCTGCGACC,,darkturquoise
AAACTAGATTTTGTCTAAGCATTGC,,salmon
AACTAGATTTTGTCTAAGCATTGCT,,salmon
AAGCAATGCTTAGACAAAATCTAGT,,salmon
CGGCATAAGAATCGAATACGAAGTC,,grey
CGCATCCATCTCGTCGTGAATCAAG,,blue
AGAAACTTATTTCCCACTGAACAAA,chr8_6.15M,greenyellow
AGAAAAAATGCATCATGTTTTATAG,chr8_6.15M,turquoise
ACTAAAACAATTACAATACGATGCA,,turquoise
AAACACAAAAGGGAACATAGTGTGA,chr8_118.58M,blue
GATATGTAGCTGCTTACATTTTGAA,,turquoise
CCCTCGCTGGTCGCGTTGCCCCCAC,,darkturquoise
GCCCTCGCTGGTCGCGTTGCCCCCA,,darkturquoise
CTTGGCAGCTACATCTACACAGATA,chr8_6.15M,turquoise
ACTGGCACAGATAGCCAACGACCTC,,grey
AACTTTTTTGAAATTCTTACCTAGT,,purple
GGAAACCGCATCCATCTCGTCGTGA,,blue
CCAAACCCCACAGCCAAACTGGTGC,,grey
AGGGCACGGCTAGCAGGTTAGTGTG,,turquoise
AATAACATTTTAAATTTCATATTCA,chr8_118.58M,pink
AGTGAAATAATGAAACAACTCTCTC,,grey60
AGGTCAGGAACTTTTCTTTAGACAA,chr8_6.15M,turquoise
CTCAAACAAATAGAACATTGCCATC,chr8_118.58M,blue
CCACTGAACAAATTTATGTTGTTAC,chr8_6.15M,greenyellow
AAGGAACTAAAACAATTACAATACG,,turquoise
ATGCATTAGATTCACATGCACCAAA,,turquoise
AACTTGCCAATGACAAGCGTCAAGG,,darkred
AATGGCAGGCCGGCACAAAATCTAC,,grey
GATGTTATCTATGTTTATAAGAAAA,chr8_6.15M,midnightblue
GCCCAACCTTATTCGTGAAGAAAAA,,grey
CGGTTGGGTATCTGTGTAGATGTAG,chr8_6.15M,turquoise
ACACTAACCTGCTAGCCGTGCCCTC,,turquoise
GCAAGGTGGGGGTCTTTTTGTACCC,chr8_118.58M,blue
CGGTGGCGTCGGCAACGGCGGCACC,,magenta
AATGAAGCTACATGTCCTGACCAAT,,turquoise
TATCTCAGACCGCATATTAGATGCA,chr8_6.15M,turquoise
TCACTGCATCTAATATGCGGTCTGA,chr8_6.15M,turquoise
AGTTGTCTAAAGAAAAGTTCCTGAC,chr8_6.15M,turquoise
GTATCTGTGTAGATGTAGCTGCCAA,chr8_6.15M,turquoise
CAACCTCAAACAAATAGAACATTGC,chr8_118.58M,blue
GCATAAGAATCGAATACGAAGTCAA,,grey
GGACATGTAGCTTCATTTGTTAGGA,chr8_6.15M,turquoise
CCGGTTTGGCATGGTGGGTCCTTCG,,grey
AAGTTGTCTAAAGAAAAGTTCCTGA,chr8_6.15M,turquoise
CTGGCACAGATAGCCAACGACCTCC,,grey
ATTGAAGAAGGCAGTACCGGTTTAG,chr8_6.15M,turquoise
ATCATTGGTCAGGACATGTAGCTTC,,turquoise
GTTTCATTATTTCACTTCAGGGAAA,,grey60
TCTCTTCAAAATGTAAGCAGCTACA,,turquoise
CATGCATTAGATTCACATGCACCAA,,turquoise
CTTGTTGCACCTGATGGTGTAACCA,,darkturquoise
GTGAAGTTGTTCCAAACTCCAGTGA,,red
CCGTTCTGCCTTCGTTCGATCTGGA,chr8_6.14M,turquoise
AGATTTTGTGCCGGCCTGCCATTAA,,grey
GAAACCGCATCCATCTCGTCGTGAA,,blue
AGTGTGAAAGTAGGCCCTCAACCAA,chr10_136.19M,green
GAAATGTTTGGTGACTTCTTATCCA,,turquoise
CCAAATAATTCTGGTATCTGCAAAG,chr8_6.15M,turquoise
TAATGGCAGGCCGGCACAAAATCTA,,grey
AGTGTGCTCATAATTAAATCAAAAC,,lightcyan
AACTCTGATCAGATCCCATGAAGCA,chr8_118.58M,lightgreen
ACAAACCCTACTGACTCGGCTTTCC,,turquoise
GAGAAAAAATGCATCATGTTTTATA,chr8_6.15M,turquoise
GTATCTATATTTCATACTAAAAAAA,,turquoise
ATTAGGTCCTTCTTCAAGCATCGGC,chr8_118.58M,blue
AGTGGGGGCAACGCGACCAGCGAGG,,darkturquoise
AATGCTGATATAAACTCTGATCAGA,chr8_118.58M,lightgreen
AATCTGGCTGGCCCATATGTGAGAT,chr8_6.15M,turquoise
CCAGATCGAACGAAGGCAGAACGGC,chr8_6.14M,turquoise
CTTGATGTTATCTATGTTTATAAGA,chr8_6.15M,midnightblue
ACTGCTAAGGTGAATTTGAGTGACG,chr8_6.14M,turquoise
AAAATGTAAGCAGCTACATATCCCT,,turquoise
AGCAACAATATGTTGAGAGCACCTA,,darkred
GGTCAGGAACTTTTCTTTAGACAAC,chr8_6.15M,turquoise
GATTTTCTTATAAACATAGATAACA,chr8_6.15M,midnightblue
TGATGTTATCTATGTTTATAAGAAA,chr8_6.15M,midnightblue
ATGAAGCTACATGTCCTGACCAATG,,turquoise
AAAACTTGAGATTTTCTTATAAACA,chr8_6.15M,midnightblue
ATTTGGTGCATGTGAATCTAATGCA,,turquoise
GCGACCAGCGAGGGCAGCTCGGGCA,,darkturquoise
CTACGAAGGACCCACCATGCCAAAC,,grey
ACGAAGGACCCACCATGCCAAACCG,,grey
GCTGATATAAACTCTGATCAGATCC,chr8_118.58M,lightgreen
AATAAGCTCCTTCTCAGCAACTTCT,,grey
CTTGAGATTTTCTTATAAACATAGA,chr8_6.15M,midnightblue
GAGGAGTGGGGGCAACGCGACCAGC,,darkturquoise
GAAGGCAGTACCGGTTTAGAAGATA,chr8_6.15M,turquoise
CTGTACCCACGAATACCTTATTATA,chr8_6.15M,turquoise
ATCTATGTTTATAAGAAAATCTCAA,chr8_6.15M,midnightblue
TTCTTATAAACATAGATAACATCAA,chr8_6.15M,midnightblue